codigo,nombre,precio,categoria
"AM0047N","Medalla en acero Virgen de Guadalupe 31x16mm x unid","3500","Dijes"
"AM0054N","Medalla en acero San Benito 10x18mm x und","3000","Dijes"
"8066-2D","Dije mano hamsa 21x15mm x 2und","2400","Dijes"
"ZD0115D","Dije zamak pájaro placa 14x6mm x6 und","2300","Dijes"
"ZD0115N","Dije zamak pájaro placa 14x6mm x12 und","1000","Dijes"
"8220D","Dije zamak ala pequeña 6x18mm paquete x3 unidades","3000","Dijes"
"8220N","Dije zamak ala pequeña 6x18mm x12 unidades","1300","Dijes"
"8234D","Dije en zamak búho rama pequeño 24x18mm x par","3000","Dijes"
"ZD0113N","Dije zamak hoja 11x6mm x12 und","1000","Dijes"
"ZD0113D","Dije zamak hoja 11x6mm paquete x 6 und","2100","Dijes"
"15247D","Dije zamak hoja calada 39x27mm x3 und","3900","Dijes"
"21019D","Dije zamak piña 16x9mm paquete x3 unidades","2700","Dijes"
"8278D","Dije zamak triangulo 17x18mm x3 und","2700","Dijes"
"8278N","Dije en zamak triángulo 18x17mm x12 unidades","1800","Dijes"
"21003N","Dije corona zamak princess 13x11mm x12 und","2000","Amor y relaciones"
"ZD0212D","Dije zamak fonendoscopio 13x26mm x6 unidades","4000","Dijes"
"7442P","Escapulario cuero plateado 28x22mm / x par / Ref-7442P / Ref-7442P","2800","Dijes"
"RD0225D","Dije rodinado hoja con circón x unid","3500","Dijes rodinados"
"0774LA","Dije corazón encasquetado piedra lapislázuli 20x23mm x und","3500","Dijes"
"0774PA","Dije corazón piedra amatista x und","4500","Dijes"
"0759TA","Dije encasquetado acero cuarzo turquesa 13x26 mm x und","4000","Dijes"
"0759OT","Péndulo en acero cilindro cuarzo ojo de tigre 26x13mm x und","4000","Dijes"
"AD0129D","Dije acero letra P 11x9mm x und","800","Dijes"
"AD0123D","Dije en acero letra J 11X7mm x und","800","Dijes"
"AD0119D","Dije acero letra S 12x9mm x und","1100","Dijes de acero"
"AD0122D","Dije en acero letra E 11x9mm x und","800","Dijes"
"AD0125D","Dije en acero letra C11x10mm x und","800","Dijes"
"AD0142D","Dije en acero letra I 11x6mm x und","800","Dijes"
"AD0118D","Dije en acero letra D 11x6mm x und","1100","Dijes"
"AD0133D","Dije acero letra L 11x6mm x unid","800","Dijes"
"AD0130D","Dije acero Letra R 11x6mm x und","800","Dijes"
"AD0120D","Dije acero letra M 11mm x und","1100","Dijes"
"AD0131D","Dije acero letra T 9x11mm x und","800","Dijes"
"AD0121D","Dije en acero letra K 11x9mm x und","800","Dijes"
"AD0117D","Dije en acero letra A 11x9mm x unid","800","Dijes"
"RD0291D","Dije covergold estrella nacar 18x12mm / x unidad / REF-RD0291D","6000","Dijes cover gold"
"AD0181D","Dije acero nacar luna+ojo turco 12x7mm x und","4800","Dijes"
"ZD0298D","Dije zamak alas gemelas 18x30mm x unid","1800","Dijes"
"AM0091BI","Medalla acero grabada V milagrosa 27X17mm x und","5800","Dijes"
"AM0121N","Medalla acero grabada virgen milagrosa 18X16mm x und","3000","Dijes"
"Ref-AM0122D","Medalla acero grabada Guadalupe 21x13 mm x und","3000","Dijes"
"AM0125D","Medalla acero grabada virgen milagrosa 16x14 mm x und","4100","Dijes"
"AM0125N","Medalla acero grabada Virgen Milagrosa 16X14mm x und","3500","Dijes"
"3600BL","DIJE AZABACHE MANO 15MM / color blanco / paquete por 12 unidades / 3600BL / REF-3600BL","3500","Dijes"
"3600NN","Dije azabache mano 15mm negro x 12und","3500","Dijes"
"3600RB","Dije azabache mano roja 15mm x 12und","4500","Dijes"
"AD0186D","Dije acero corazón infinito 16x21 mm x und","2500","Amor y relaciones"
"AD0183D","Dije en acero latido corazón 16x21mm x und","2500","Amor y relaciones"
"AD0205D","Dije en acero letra E 4x8mm x und","4000","Dijes"
"AD0209D","Dije en acero letra R 5x8mm x und","4000","Dijes"
"AD0211D","Dije en acero letra T 5x8mm x und","4000","Dijes"
"RD0323D","Dije covergold estrella nacar 11x13MM / x unidad / REF-RD0323D","4500","Dijes cover gold"
"5885D-azulrey","Dije zamak mano fortuna resina azul rey x unid","1200","Dijes"
"5885D-rojo","Dije en zamak mano fortuna resina roja x unid","1200","Dijes"
"5885D-negro","Dije en zamak mano fortuna resina negra x und","1200","Dijes"
"AC2130D","Cruz acero san benito fundida 22x38mm x und","4200","Dijes"
"16041N","Dije en zamak ala 9x30mm x6 unidades","2100","Dijes"
"7445-1D","Escapulario cuero 54x46mm x 2 und","4000","Dijes"
"ZD0294D","Dije zamak planeta saturno X3 und","1300","Dijes"
"7445D","Escapulario cuero redondo 28 x 32 mm color dorado / x par / Ref-7445D","2880","Dijes"
"ZD0338Dverde","Dije zamak corazon pintado verde 20x26mm x und","2300","Amor y relaciones"
"ZD0348D","Dije zamak ojo turco 7 puntos resina blanco verde M 18x20.5mm x und","3000","Dijes"
"DA008","Dije acrílico paletas multicolor 15x7mm paquete x10 unidades","2500","Dijes"
"ZD0343Dverde","Dije zamak luna verde 15x29mm x und","3500","Dijes de zamak"
"ZD0343Dnaranja","Dije zamak luna 15x29mm x und","3500","Dijes de zamak"
"ZD0345Dverde","Dije zamak corazón 26x29mm x und","3400","Amor y relaciones"
"AM0151D","Medalla en acero grabada San Benito 18x21mm x und","5500","Dijes"
"AMO151N","Medalla em acero san benito 18X21mm x und","5100","Dijes"
"AM0089BI","Medalla en acero V milagrosa 13x21mm x und","5000","Dijes"
"RD0364D","Dije rodinado circulo luna – estrella x unid","7000","Dijes rodinados"
"AD0256D","Dije acero corazón liso 9x10mm x par","2600","Amor y relaciones"
"AD0257D","Dije acero hoja 8x10mm x und","1300","Dijes"
"AD0258D","Dije en acero Sol 9x10mm x und","1300","Dijes"
"5555D","Dije zamak corona princess 17x18mm x3 unds","4200","Dijes"
"AM0152D","Medalla acero virgen guadalupe 9x14 mm x und","3800","Dijes"
"AM0152N","Medalla acero virgen de Guadalupe 9X14mm x und","3700","Dijes"
"AM0156D","Medalla acero san benito 15X18mm x und","5000","Dijes"
"ZD0369D","Dije zamak carita feliz ojo estrella 12x15mm x3 unidades","3600","Dijes"
"AC2128D","Dije cruz acero cristo+san benito 26 x40mm x und","6300","Dijes"
"ZD0236D","Dije zamak circular azul infinito corazón 16mm x und","2500","Amor y relaciones"
"ZC2012D","Cruz zamak San Benito 37x22mm x unidad","2400","Dijes"
"ZD0385N","Dije zamak estrella de mar 20x23mm x6 und","3900","Colecciones Pelgy"
"AC2150D","Dije cruz acero virgen Guadalupe grabada 28x52mm x und","4500","Dijes"
"AC2107D","Dije cruz acero virgen milagrosa grabada 29x53mm x und","5000","Dijes"
"AC2107N","Dije cruz acero V milagrosa grabada 29x53mm x und","5000","Dijes"
"AC2109D","Dije cruz acero señor de los milagros 29x52mm x und","4500","Dijes"
"AC2157D","Dije cruz acero cristo relieve 22x40mm x und","4000","Dijes"
"ZD0386N","Dije zamak caracol caubri 6x13mm paquete x12 und","1000","Dijes"
"ZD0319D","Dije zamak hoja 14x16mm x3 unidades","2700","Dijes"
"RD0403D","Dije rodinado llave con circón plateados x und","4700","Dijes"
"6018D","Dije zamak mano hamsa 15x25mm x3 unidades","3900","Dijes"
"AM0134N","Medalla acero virgen milagrosa 14x20mm x und","2300","Dijes"
"AM0091D","medalla acero grabada Milagrosa 17x27 mm x und","5700","Dijes"
"AM0165D","Medalla acero grabada San Benito 12x15mm x unidad","3800","Dijes"
"7401N","Medalla zamak san benito 12x15mm x12 und","1200","Dijes"
"ZD0293D","Dije zamak ala mini 5x13 x 3und","3000","Dijes"
"AM0165N","Medalla acero san benito 12x15mm x unidad","3500","Dijes"
"AC2163N","Dije cruz acero señor de los milagros 28x50mm x und","5000","Dijes"
"AM0156N","Medalla acero san benito 15x18mm x unidad","4000","Dijes"
"ZM0011D","Medalla zamak San benito inflado 12x14mm x3 und","4500","Dijes"
"ZD0395D","Dije zamak estrella fugaz paquete x3 unidades","3900","Dijes"
"7445-2D","Escapulario cuero redondo dorado 35x42mm x 2und","3060","Dijes"
"AC2130N","Dije cruz acero san benito fundida 22x38mm x und","3700","Dijes"
"AM0040N","Medalla acero San Benito fundido 12x15mm x und","2500","Dijes"
"AM0041N","Medalla acero San Benito fundida 14x17mm x unidad","2600","Dijes"
"AM0054D","Medalla acero san benito 10mm x und","3500","Dijes"
"6426N","Cruz zamak rostro cristo 26x42mm x und","1700","Dijes"
"ZD0406N","Dije zamak sol 25x38mm paquete x12 und","3600","Dijes"
"ZC2012N","Cruz zamak San Benito 22x37mm x12 und","5000","Dijes"
"4181MX","DIJE ACRILICO CACHITO MIXTO 15MM / paquete x 20 grm / REF-4181MX","2500","Dijes"
"2553B1","PRECIOSA ROMBON 6MM COLORS CRYSTAL / paquete x 12 und / REF-2553B1","5500","Dijes Preciosa"
"AM0166D","Medalla acero virgen milagrosa 22 x 36mm xund","6500","Dijes"
"ZD0399D","Dije zamak luna corazón 14x18mm x unidad","1500","Amor y relaciones"
"16025D","Dije zamak timón ancla 23x27mm x und","1600","Dijes"
"ZC2053N","Cruz zamak san benito 22x37mm x6 unidades","2500","Dijes"
"ZD0423D","Dije zamak signo zodiacal piscis 26x29mm x und","3700","Dijes"
"ZD0431D","Dije zamak signo zodiacal escorpión 26x29mm x und","3700","Dijes"
"ZD0422D","Dije zamak signo zodiacal acuario 26x29mmx und","3700","Dijes"
"ZD0426D","Dije zamak signo zodiacal géminis 25.5x28mm x und","3700","Dijes"
"ZD0427D","Dije zamak signo zodiacal cancer 26x29mm x und","3700","Dijes"
"ZD0432D","Dije zamak signo zodiacal sagitario 25x28mm x und","3700","Dijes"
"ZD0429D","Dije zamak signo zodiacal virgo 25.5x28mm x und","3700","Dijes"
"ZD0438D","Dije zamak circulo resina rojo turco, infinito estrella 20x23mm x und","3000","Dijes"
"ZD0439D","Dije zamak circulo resina blanco infinito+ ojo turco 20x23mm x und","3000","Dijes"
"ZD0408N","Dije zamak sol maya 16x20mm x 12und","2000","Dijes de zamak"
"ZD0412D","Dije zamak signo zodiacal cáncer 21x24.5mm x und","1500","Dijes"
"ZD0413D","Dije zamak signo zodiacal géminis 21x24.5mm x und","1500","Dijes"
"ZD0418D","Dije zamak signo zodiacal tauro 21x24.5mm x und","1500","Dijes"
"ZD0419D","Dije zamak signo zodiacal virgo 21x24.5mm x und","1500","Dijes"
"8062N","Dije zamak diamante 17x19mm x12 unidades","1200","Dijes"
"AS0205D","Separador acero avión liso 15x19mm x und","4800","Separadores"
"AM0177D","Medalla acero virgen de guadalupe pintada 10x12mm x und","4500","Dijes"
"AM0172N","Medalla Ovalada Acero Misericordioso 8x15mm x Und","2600","Dijes"
"AM0171N","Medalla en Acero V Milagrosa Pinatada 8x15mm x und","2600","Dijes"
"ZD0414D","Dije zamak signo zodiacal escorpio 21x24.5mm x par","3000","Dijes"
"RD0455D","Dije rodinado estrella x unid","4500","Dijes rodinados"
"RD0463D","Dije rodinado mano hamsa circón multicolor x unid","5000","Dijes rodinados"
"RD0464D","Dije rodinado ojo circón x und","5000","Dijes rodinados"
"RD0447D","Dije rodinado corazón infinito x unid","4000","Amor y relaciones"
"RD0456D","Dije rodinado llave con circón x unid","4000","Dijes rodinados"
"RD0466D","Dije rodinado corazón flecha x unid","4500","Amor y relaciones"
"RD0468D","Dije ojo rodinado","4125","Nuevas colecciones"
"RD0444D","Dije rodinado silueta corazón x unid","8000","Amor y relaciones"
"4181NN","Dije acrílico cachito negro 15mm paquete x20 gramos","2500","Dijes"
"4183NN","Dije acrílico mano imitación azabache negra 15mm paquete x20 gramos","2500","Dijes"
"6034N","Dije zamak hoja 11x39mm x6 und","3000","Dijes"
"6066N","Dije zamak trebol corazón 19x22mm x6 unidades","2400","Amor y relaciones"
"6107N","Dije zamak hoja 8x25mm paquete x12 und","3600","Dijes"
"6328N","Dije zamak mariquita 24x27mm x6 unidades","3000","Dijes"
"15396N","Dije zamak corazon 13x21mm x6 und","3000","Amor y relaciones"
"15044N","Dije zamak mariquita 10x16mm paquete x12 und","3600","Dijes"
"ZD0029D","Dije zamak media luna invertida 15x18mm x und","1400","Dijes"
"ZD0456N","Dije zamak mariposa 15x20mm x6 unidades","3000","Dijes"
"ZD0457N","Dije zamak mariposa 10x12mm x6 unidades","2400","Dijes"
"ZD0471D","Dije zamak ojo15x18mm x und","3000","Dijes"
"ZD0472D","Dije zamak planeta saturno 11x13mm x3 unidades","3600","Dijes"
"6017D","Dije zamak corazon bruno 17x17mm x3 unidades","3600","Amor y relaciones"
"7421-1D","Medalla zamak san benito 18 mm x und","1500","Dijes"
"15917D","Dije zamak trébol 10x13mm paquete x3 und","3900","Dijes"
"ZD0480N","Dije zamak silueta de corazón 21x12mm x12 unidades","2600","Amor y relaciones"
"ZC4114N","Crucero zamak virgen de fátima 15x22mm x 6und","3500","Dijes"
"ZD0134N","Dije zamak triangulo hueco 9.5x29mm x12 unds","2700","Dijes"
"ZD0442N","Dije zamak estrella 5 puntas 15x21mm x12 unidades","3000","Dijes"
"ZD0443N","Dije zamak estrella de david 6 puntas 14.5x21mm x12 unds","3600","Dijes"
"ZD0446D","Dije zamak sol 6 puntas 18X24MM / x unidad / Ref-ZD0446D / Ref-ZD0446D","1400","Dijes de zamak"
"ZD0448D","Dije zamak sol 15x19m paquete x3 unidades","4200","Dijes"
"ZD0450N","Dije zamak circulo montaña 11x14mm x12 und","1400","Dijes"
"AD0284D","Dije Acero Ciclista 5x18mm x und","3000","Dijes"
"ZD0485N","Dije zamak arcoíris para resinar 15x19mm x12 und","3200","Dijes"
"ZD0487N","Dije zamak estrella 4 puntos 14x17mm x12 unds","1200","Dijes"
"ZD0490N","Dije zamak ojo destello 18X15mm paquete x12 und","3600","Dijes"
"ZD0491N","Dije zamak ojo pestaña 12x15mm x12 unds","1800","Dijes"
"ZD0492N","Dije zamak luna estrella sol 17x14mm paquete x6 und","1800","Dijes"
"ZD0493N","Dije zamak ojo dos estrellas 15x19mm x6 unds","2150","Dijes"
"ZM0101N","Medalla zamak paloma espíritu santo 17x21mm paquete x12 unidades","4000","Dijes"
"AC2175D","Dije cruz acero laberinto 19x29mm x und","6000","Dijes"
"AC2176N","Dije cruz acero relieve cristo 19x35mm x und","4700","Dijes"
"AM0183D","Medalla acero Guadalupe grabada 22x14 mm x unidad","5500","Dijes"
"AM0184D","Medalla Acero V de guadalupe 18x28mm x und","6200","Dijes"
"AM0185D","Medalla Acero Milagrosa 16x26mm x und","4500","Dijes"
"AM187N","Medalla Acero Sagrado Corazón 9x18mm x Und","4000","Dijes"
"AM0188D","Medalla Acero Milagrosa 44x48mm x Und","9500","Dijes"
"AM0189D","Medalla Acero Virgen de Guadalupe 44x48mm x und","9500","Dijes"
"AM0175N","Medalla Acero Grabada V de Guadalupe 8x13mm x Und","3000","Dijes"
"AC2182D","Dije cruz Acero cristo relieve 27x41mm x Und","5500","Dijes"
"AC2182N","Dije cruz acero relieve cristo 27x41mm x und","4600","Dijes"
"ZD0504D","Dije zamak guía solar 25mm x 2 und","3000","Dijes"
"ZD0505D","Dije zamak lusina 15x17mm x3 und","3900","Dijes"
"AC4139N","Crucero Acero Divino Niño 10x15mm x Und","1400","Dijes"
"6104D","Dije zamak hoja 14x20mm x und","1400","Dijes"
"ZD0459D","Dije zamak libélula 11x20mm x3 unds","3000","Dijes"
"15396D","Dije zamak corazon paquete x 3 unidades","3000","Amor y relaciones"
"6010D","Dije zamak corazón silueta trébol 22x23mm x unid","1800","Dijes"
"ZD0448N","Dije zamak sol 15x19mm paquete x12 und","1600","Dijes"
"6044D","Dije zamak mariposa 21x29mm x par","3600","Dijes"
"ZD0456D","Dije zamak mariposa 15x20mm x3 und","5100","Dijes"
"6349N","Dije zamak silueta mariposa 16x25mm x6 und","2650","Dijes"
"6067N","Dije zamak silueta corazón 20x24mm x6 und","2400","Amor y relaciones"
"AM0180D","Medalla de Acero Cristo 12x14mm x und","3700","Dijes"
"RD0480D","Dije rodinado trébol x und","5700","Dijes rodinados"
"RD0485D","Dije rodinado estrella fugaz x und","5400","Dijes rodinados"
"ZD0551D","Dije zamak ojo turco Egipto resina blanca & azul 17x20mm x und","2300","Dijes"
"AM0066N","Medalla Acero Ovalada Grabada V Milagrosa 11x19mm x und","4000","Dijes"
"AM0068D","Medalla en Acero Grabada V Guadalupe 10x18mm x Und","4500","Dijes"
"AM0068N","Medalla en Acero Grabada V Guadalupe 10x18mm x Und","4000","Dijes"
"ZC2021N","Cruz zamak san benito cristo relieve 50x27mm x par","2800","Dijes"
"ZC2030N","Cruz zamak San Benito 21x38mm x6 unds","4100","Dijes"
"AD0288D","Dije de Acero Árbol de la vida 10x12mm x und","1300","Dijes"
"ZD0564N","Dije zamak margarita 12x4.5 mm paquete x12 unidades","2000","Dijes"
"RD0515D","Dije rodinado hoja circón verde x und","7200","Dijes rodinados"
"3601NN","DIJE AZABACHE VIDRIO CACHO NEGRO 15MM / PAQUETE x 12 UND / Ref-3601NN","3000","Dijes"
"AC4130D","Crucero Acero Sagrada Familia 12x21mm x Und","3700","Dijes"
"7220N","Cruz zamak san Benito 21x37mm x 12unds","3800","Dijes"
"AC4154D","Crucero Acero San Benito 13x20mm x und","3500","Dijes"
"AC4155D","Crucero Acero Rostro Virgen 18x20mm x Und","3500","Dijes"
"AC4157D","Cruce Acero Rostro Virgen13x20mm x Und","3500","Dijes"
"AD0295D","Dije Acero Silueta Rama 15x18mm x und","3000","Dijes"
"AD0296D","Dije Acero Silueta Trébol Corazones 16mm x und","3000","Dijes"
"AC2193D","Cruz lisa 20x29mm x unid","4500","Dijes"
"AC2185D","Dije Cruz Acero 13x23mm x Und","4000","Dijes"
"ZM0117N","Medalla zamak ovalada san miguel arcángel + ángel guardián 16x25 mm x 6 und","2500","Dijes"
"AM0089N","Medalla acero virgen milagrosa grabada 13X21mm","4500","Dijes"
"AM0192D","Medalla acero virgen milagrosa 9x14mm x unidad","3800","Dijes"
"ZD0479D","Dije zamak mano Hamnsa estrella 12x21mm x3 unds","3000","Dijes"
"ZD0488D","Dije zamak sol circulo 16x20mm x3 und","4200","Dijes"
"ZD0490D","Dije zamak ojo destello 15x18mm x2 unids","3000","Dijes"
"ZD0493D","Dije zamak ojo dos estrellas 15x19mm x 2unids","3000","Dijes"
"ZD0824N","Dije zamak silueta estrella puntos 14x17mm x12 und","2300","Dijes"
"ZD0830N","Dije zamak flor símbolo 14.5x18mm x12 unds","2400","Dijes"
"ZD0562D","Dije zamak alas corazón 11x11mm x und","1300","Dijes"
"ZD0565D","Dije zamak cactus-flor 14x20mm x und","1600","Dijes"
"ZM0116D","Medalla zamak ovalada guadalupe 10x17mm x 2 und","3000","Dijes"
"ZD0836N","Dije zamak silueta media luna 19x20mm x12 unds","1200","Dijes"
"RD011C89","Dije resina flor verde 12x21mm x und","4000","Dije de resina"
"5458D","Dije zamak esqueleto pez 7x17mm x6 und","3600","Dijes"
"15923D","Dije en zamak ancla 10x13mm x6 unidades","3450","Dijes"
"ZC0096D","Centro pulsera zamak pluma 7x29mm x3 und","2700","Dijes"
"ZD0489D","Dije zamak luna estrella 11x12mm paquete x3 unds","3300","Dijes"
"ZD0561D","Dije zamak dulce 10x17mm x2 und","2400","Dijes"
"ZD0705D","Dije zamak silueta luna estrella 15.5x19mm x unid","1600","Dijes"
"ZD0559N","Dije zamak torre Eiffel 20mm x 12unds","2200","Dijes de zamak"
"RD0594D","Dije covergold circon negro 7 x 9 mm color dorado / x und / REF-RD0594D","4200","Dijes cover gold"
"RD0595D","Dije covergold circon rojo 7 x 9 mm color dorado / x und / REF-RD0595D","4200","Dijes cover gold"
"AD0140D","Dije acero letra V x unid","800","Dijes de acero"
"AD0132D","Dije acero letra «U» x unid","800","Dijes de acero"
"ZD0820D","Dije zamak hueso 7x16.5mm x3 unidades","3600","Dijes"
"ZD0832D","Dije zamak girasol 15x18mm x3 unidades","3900","Dijes"
"ZD0825D","Dije zamak cuadrado estrella 10x13mm x3 unidades","3900","Dijes"
"AC0043D","Centro pulsera acero corazón infinito x unid","4000","Dijes de acero"
"ZD0836D","Dije zamak media luna 19x20mm x3 unidades","3900","Dijes"
"ZD0827D","Dije zamak planeta estrella luna 12x13mm x3 unidades","3600","Dijes"
"0387C83","Dije vidrio berenjena 9x22mm","700","Dijes de vidrio"
"ZD0859N","Dije zamak corazón cardio 20x21mm x12 unidades","3000","Dijes"
"ZD0860N","Dije zamak corazón love puntos 13x16mm x12 unidades","2000","Dijes"
"RD0634D","Dije rodinado corazón mini circón plateado","4000","Amor y relaciones"
"AM0197D","Medalla acero San Miguel Arcángel + Milagroso de Buga grabado 13x21 mm","4200","Medallas |"
"ZD0865D","Dije zamak circulo hoja 22x26mm x und","3000","Dijes"
"ZD0866D","Dije zamak circulo rana 22x26mm x unid","3000","Dijes"
"ZD0868D","Dije zamak mono araña 17x28.5mm x unidad","2160","Bases para aretes y collares"
"AD0124D","Dije acero letra B 7x11 mm x unidad","800","Dijes de acero"
"ZM0116N","Medalla zamak ovalada Guadalupe 10x17mm x12 unidades","1800","Medallas |"
"ZD0704D","Dije Zamak cactus 10x19mm x2 unidades","3000","Dijes de zamak"
"RD0636D","Dije rodinado corazón circón plateado","5500","Amor y relaciones"
"RD0631D","Dije rodinado cola ballena circón plateado","5000","Colecciones Pelgy"
"ZD0857N","Dije zamak estrella silueta 5 puntas 26x29mm x12 und","3600","Dijes"
"ZD0859D","Dije zamak corazon cardio 20x21mm x und","1800","Amor y relaciones"
"ZD0862D","Dije zamak corazon infinito 14x15mm x paquete 2 unds","2800","Amor y relaciones"
"ZC0277D","Centro pulsera zamak timón flor 6 puntas 18x26 mm","1600","Dijes"
"ZD0880","Dije zamak pintado gato azul claro 10x18.5mm x und","2000","Dijes"
"ZD0883","Dije zamak gato rosado 10x18.5mm x und","2000","Dijes"
"ZD0857D","Dije zamak estrella silueta 5 puntas 26x29mm x unid","1800","Dijes"
"ZD0858D","Dije zamak corazon silueta grueso 19x21mm x und","1500","Amor y relaciones"
"ZD0861D","Dije zamak redondo estrella punto cardinal 19x21mm x unidad","1440","Dijes"
"ZD0885N","Dije zamak ballena 8.5x10mm x12 unidades","3000","Dijes"
"ZD0858N","Dije zamak corazon silueta 19x21mm paquete x12 unds","2400","Amor y relaciones"
"ZD0702D","Dije zamak estrella 4 puntos 14x17mm x 2 unds","2600","Dijes"
"AD0137D","Dije acero letra Y x unid","800","Dijes de acero"
"RD0651D","Dije rodinado paloma circón plateado","6500","Dijes rodinados"
"RD0654D","Dije rodinado colibrí circón verde","5200","Dijes rodinados"
"RM0002D","Medalla covergold virgen de Guadalupe 3x9mm / x unidad / RM0002D","4500","Medallas |"
"RD0664D","Dije rodinado mariposa 15.5x18mm x und","4000","Dijes rodinados"
"RD0665D","Dije rodinado mariposa circón plateado","4800","Dijes rodinados"
"RD0666D","Dije rodinado doble mariposa circón plateado","4800","Dijes rodinados"
"RD0670D","Dije rodinado avión de papel + corazón","5500","Dijes rodinados"
"RD0671D","Dije covergold luna circón fucsia 9.5 x 14 mm / x unidad / Ref-RD0671D / Ref-RD0671D","3600","Nuevas colecciones"
"RD0673D","Dije rodinado corazón ondas circón plateado","5500","Amor y relaciones"
"RD0682D","Dije rodinado silueta corazón circón plateado","5000","Amor y relaciones"
"RD0686D","Dije covergold huella 10x13mm x und","4000","Dijes"
"RD0689D","Dije rodinado infinito circón plateado","4000","Dijes rodinados"
"RD0692D","Dije rodinado circulo ojo verde circón plateado","6500","Dijes rodinados"
"RD0693D","Dije rodinado ojo negro circón plateado","4800","Dijes rodinados"
"ZD0886N","Dije zamak cola de sirena mini 10x10.5mm paquete x12 unidades","1000","Dijes"
"AC4093D","Crucero acero redondo san benito fundido x unid","4000","Dijes"
"AM0198N","Medalla acero san miguel+milagrosa de buga grabada 9x14 mm x unidad","3700","Medallas |"
"AD0304N","Dije acero huella niquelado x unid","2300","Dijes de acero"
"RC0523D","Centro pulsera corazón circón","5000","Dijes rodinados"
"ZD0896D","Dije zamak corazón blanco 11x12.5 mm x und","2800","Amor y relaciones"
"ZD0893D","Dije zamak corazón resina roja 11x12.5mm x und","2800","Amor y relaciones"
"RD0725D","Dije covergold circulo salmon corazon verde 14x16.5mm x und","1350","Amor y relaciones"
"RD0723D","Dije cover gold san benito colores 19.5x23mm","3500","Dijes cover gold"
"RD0722D","Dije covergold corazón amanecer 19x20.5mm x und","2500","Dijes cover gold"
"RD0714D","Dije covergold espíritu santo blanco 18 x 18.5 mm x und","2500","Dijes cover gold"
"RD0720D","Dije covergold san jose tadeo colores 10 x 23 mm / x und / Ref-RD0720D","2100","Nuevas colecciones"
"RD0712D","Dije covergold angel de la guarda azul y blanco 17 x 21 mm / x und / Ref-RD0712D / Ref-RD0712D","2500","Dijes cover gold"
"AM0198D","Medalla acero grabado san miguel arcángel y Milagroso de buga 9x14mm unidad","3800","Medallas |"
"AC4060D","Crucero acero dorado grabado san benito x unid","5000","Dijes"
"AC4077N","Crucero acero niquelado san benito grabado x unid","3500","Dijes"
"AM0200D","Medalla acero virgen milagrosa grabada x unid","4100","Medallas |"
"RD018C15","Dije resina ala ángel 14 x 45mm x unid","4000","Dije de resina"
"RD019-25","Dije resina sagrado corazon vitral verde con fucsia 29.5x31mm x unidad","6000","Amor y relaciones"
"AC4077D","Crucero acero san benito grabado x unid","4000","Dijes"
"ZD0899D","Dije Zamak listón coquette 13x18mm paquete x 3 unds","4500","Dijes"
"ZD0899N","Dije zamak listón coquette 13x18mm paquete x 3 unds","3600","Dijes"
"ZD0901N","Dije zamak corazón ojo rayas 15x16mm x 12und","2400","Amor y relaciones"
"ZD0902N","Dije zamak corazon flecha love 12x14 mm paquete x12 unidades","1500","Dijes"
"AC4035D","Crucero acero virgen del carmen x unid","3700","Dijes"
"AD0127D","Dije acero letra G x unid","800","Dijes de acero"
"AD0134D","Dije acero letra N x unid","800","Dijes de acero"
"AD0126D","Dije acero letra F x unid","800","Dijes de acero"
"ZD0905N","Dije Zamak sol 13x17.5mm x 12unds","2100","Dijes de zamak"
"RD0749D","Dije covergold corazón mom circón rojo","7500","Amor y relaciones"
"RD0750D","Dije covergold circulo corazon mom 19x22mm x unidad","7700","Amor y relaciones"
"5555N","Dije zamak corona Princesa 17x18mm paquete x12 unidades","2000","Dijes"
"ZM0152N","Medalla zamak San Benito 6x9mm x 12unds","1000","Medallas |"
"ZD0172N","Dije zamak trebol silueta 13x17mm x 12unds","1350","Dijes de zamak"
"RD028C50","Dije resina Letra I naranja y turquesa 6.5x16mm x unid","3000","Dije de resina"
"RD035C16","Dije en resina Letra O fucsia y verde 18x26mm x unid","3000","Dije de resina"
"RD037C16","Dije en resina Letra N fucsia y verde 16x26mm x unid","3000","Dije de resina"
"RD040C91","Dije en resina Letra B amarillo y morado 15x26mm x unid","3000","Dije de resina"
"RD039C91","Dije en resina Letra P amarillo y morado 15x26mm x unid","3000","Dije de resina"
"RD031C15","Dije resina Letra S blanco y negro 15x26mm x unid","3000","Dije de resina"
"RD038-3","Dije resina Letra E dorado vitro fusión verde y azul 14x26mm x unid","3000","Dije de resina"
"RD038-2","Dije resina Letra T dorado contorno vitro verde y azul 16x26mm x unid","3000","Dije de resina"
"RD038-1","Dije en resina Letra G dorado contorno vitro verde, azul 14x26mm x unid","3000","Dije de resina"
"RD0794D","Dije rodinado san judas","5500","Dijes rodinados"
"RD0776N","Dije covergold corazon inflado 25 x 25 mm / x unidad / Ref-RD0776N","6000","Amor y relaciones"
"RD048C85","Dije resina buda blanco borde café 18x29mm x unid","4500","Dije de resina"
"RD051C5","Dije resina corazón alargado rojo 25x51mm x und","6000","Amor y relaciones"
"RD051C50","Dije resina Corazón alargado verde menta 25x51mm x und","6000","Amor y relaciones"
"RD051-18","Dije resina Corazón alargado amarillo y fucsia 25x51mm x unid","6000","Amor y relaciones"
"RD0778D","Dije chunky covergold lagrima dorado 12x18mm / x unidad / Ref-RD0778D / Ref-RD0778D","7000","Dijes cover gold"
"RD0791D","Dije rodinado corazón con circón plateado","5000","Amor y relaciones"
"RM0010D","Medalla rodinada ovalada san benito","7000","Medallas |"
"RM0007D","Medalla rodinado san benito","6500","Medallas |"
"RM0006D","Medalla covergold virgen de guadalupe 10x16mm x und","4500","Medallas |"
"RD0818D","Dije rodinado san judas tadeo","3000","Dijes cover gold"
"RD0822D","Dije rodinado llave circón plateado","2500","Dijes rodinados"
"RD0823D","Dije rodinado corazón love","3200","Amor y relaciones"
"RD0816D","Dije rodinado corazón ojo turco 11x13mm x und","4200","Dijes rodinados"
"ZD0901D","Dije zamak corazón ojo rayas 15x16mm x 2 unds","2800","Amor y relaciones"
"ZD0908D","Dije zamak corazón 20x22mm x und","3700","Amor y relaciones"
"ZD0936D","Dije zamak corazón resina negra 20x22mm x und","3700","Amor y relaciones"
"ZD0925D","Dije zamak sagrado corazón ojo resina negra 25x27mm x und","5000","Dijes"
"ZD0928D","Dije zamak sagrado corazón resina blanca 14x22mm x und","3300","Dijes"
"ZD0935D","Dije zamak sagrado corazón resina blanca 12x18mm x und","2800","Dijes"
"ZD0940D","Dije zamak sagrado corazón resina negra 12x18mmx und","2800","Dijes de zamak"
"RD0773D","Dije rodinado corazón infinito rosa","6400","Dijes rodinados"
"RD0786D","Dije rodinado silueta corazón circón plateado","4500","Dijes rodinados"
"ZD0902D","Dije zamak corazón flecha Love 14x12mm paquete x 3 unds","3900","Dijes"
"ZD0307D","Dije zamak media luna estrella 19x10mm x 3 unds","3900","Dijes"
"ZD0716D","Dije zamak libélula 16x19mm x 2 unids","2400","Dijes"
"ZD0905D","Dije zamak Sol 13x7.5mm x 2 und","2800","Dijes"
"RD0785D","Dije rodinado corazón alas circón fucsia","8500","Dijes rodinados"
"RD0787D","Dije rodinado corazón circón plateado","7000","Amor y relaciones"
"ZD0904D","Dije Zamak pies 13x10 mm x 2 und","2400","Dijes"
"ZD0942N","Dije zamak llave san benito 52x24mm x und","2000","Dijes de zamak"
"ZD0957N","Dije zamak corazón con alas resina roja 40x36.5mm x und","3000","Dijes"
"ZD0950N","Dije zamak sagrado corazón resina roja 37x22mm x und","3000","Dijes de zamak"
"ZD0961N","Dije zamak corazón resina roja silueta 34x28mm","3000","Amor y relaciones"
"RD0861D","Dije rodinado corazón nácar alas circón plateado","7500","Dijes rodinados"
"RD0867D","Dije rodinado corazón nácar con perlas","10500","Amor y relaciones"
"RD0860D","Dije rodinado corazón nácar 23x21mm x und","7500","Amor y relaciones"
"RD0862D","Dije rodinado corazón nácar destellos 21x22.5mm x und","8500","Amor y relaciones"
"RD0868D","Dije rodinado corazón nácar 19x20mm x und","7500","Dijes rodinados"
"RD0869D","Dije rodinado corazón nácar punto cristal circón plateado","10000","Amor y relaciones"
"RD0872D","Dije rodinado corazón ojo circón multicolor","6500","Dijes rodinados"
"RD0835D","Dije rodinado mano hamsa resina blanca ojo verde menta","1350","Nuevas colecciones"
"RD0834D","Dije rodinado mano hamsa resina blanca ojo azul rey","1350","Nuevas colecciones"
"RD0855D","Dije rodinado corazón cristal transparente","7000","Amor y relaciones"
"RD0857D","Dije rodinado flor cataleya verde 18.5x16mm x und","5000","Dijes rodinados"
"RD0859D","Dije Rodinado flor cataleya verde mente 18.5x16mm x und","5000","Dijes rodinados"
"RD0865D","Dije rodinado corazón destellos","5500","Dijes rodinados"
"RD0866D","Dije rodinado corazón con perlas","4000","Amor y relaciones"
"RD0864D","Dije rodinado círculo nácar corazón circón plateado","8500","Amor y relaciones"
"RD0910D","Dije rodinado corazón resina roja circón plateado","6500","Amor y relaciones"
"RD0911D","Dije rodinado corazón 27.5x16mm x und","5000","Amor y relaciones"
"RD0895D","Dije rodinado cola sirena con resina blanca","8000","Colecciones Pelgy"
"RD0907D","Dije Rodinado corazón cristal fucsia circón plateado","6500","Amor y relaciones"
"RM0026D","Medalla rodinado rectangular virgen de guadalupe","5000","Medallas |"
"RD0885D","Dije rodinado circulo ojo cristal verde circón plateado","6175","Dijes rodinados"
"RD0881D","Dije rodinado ojo verde menta pestañas multicolor","7500","Dijes rodinados"
"RD0883D","Dije rodinado ojo azul circón plateado","5500","Dijes rodinados"
"RD0884D","Dije rodinado ojo silueta circón multicolor","4500","Dijes rodinados"
"RD0891D","Dije rodinado ojo azul con pestañas circones plateados","6500","Dijes rodinados"
"RD0899D","Dije rodinado mano hamsa resina fucsia","3000","Nuevas colecciones"
"RD0901D","Dije rodinado mano hamsa resina verde menta","4000","Dijes rodinados"
"RD0913D","Dije rodinado mano hamsa cristal azul rey resina azul celeste","6500","Dijes rodinados"
"RD0878D","Dije rodinado corazón ojo azul pestañas","3375","Nuevas colecciones"
"RD0916D","Dije rodinado corazón alargado pequeño","5000","Dijes rodinados"
"RD0917D","Dije rodinado corazón 18x10mm x und","4500","Dijes rodinados"
"RD0890D","Dije Rodinado circulo blanco cruz 17.5x13mm x und","4000","Dijes rodinados"
"RM0023D","Medalla rodinada ovalada virgen guadalupe circón plateado","6500","Medallas |"
"RD0919D","Dije rodinado virgen guadalupe arco circón plateado","6000","Dijes"
"RM0014D","Medalla rodinada virgen de guadalupe resina blanca","5000","Medallas |"
"RM0016D","Medalla rodinada virgen guadalupe nácar circón plateado","7500","Medallas |"
"RC2000D","Cruz rodinado cristal verde esmeralda circón plateado","7500","Dijes rodinados"
"RD0906D","Dije rodinado candado corazón","5000","Amor y relaciones"
"RM0015D","Medalla rodinado san benito","5300","Medallas |"
"RC2003D","Cruz rodinado cristal verde menta circón plateado","11000","Dijes rodinados"
"ZD0954N","Dije zamak corazón con llamas resina negra 50x31mm","3000","Dijes de zamak"
"ZD0993D","Dije zamak corazón ojo resina (blanco-azul) 15.5x11mm x unid","1500","Dijes"
"ZD1000D","Dije zamak corazón 33x26mm x und","3300","Amor y relaciones"
"ZD1001D","Dije zamak circulo sol 15x12mm x unid","1200","Dijes"
"ZD0991D","Dije zamak corazón ojo verde 15.5x11mm x unid","1500","Dijes"
"ZD0992D","Dije zamak corazón ojo resina blanco-negro 15.5x11mm x unid","1500","Dije de resina"
"RD0959D","Dije rodinado ovalado ojo turco 16.5x50mm","3375","Nuevas colecciones"
"RD0976D","Dije rodinado ojo blanco con triángulos multicolor","2250","Nuevas colecciones"
"ZD0987D","Dije zamak rectángulo resina negra mano blanca 28x11mm x und","2000","Dijes"
"RC4013D","Crucero rodinado San Juan","6000","Dijes"
"RM0034D","Medalla rodinado San Juan de los lagos","6000","Medallas |"
"RD0986D","Dije covergold estrella 11.5x8.5mm x und","5000","Dijes"
"RD1004D","Dije covergold hongo","7000","Bases para aretes y collares"
"RD0997D","Dije covergold fresa pequeño","8000","Dijes"
"RD1000D","Dije covergold Granada 12.5x9.5mm x und","8000","Dijes"
"RD0998D","Dije covergold piña","8000","Dijes"
"RD1029D","Dije rodinado cereza en cristal fucsia","6000","Dijes"
"RD1043D","Dije rodinado kit de la fortuna","9000","Dijes"
"RD1038N","Dije covergold corazón inflado 15.5x13.5mm x unidad","3700","Amor y relaciones"
"RD1016D","Dije Covergold concha 16x 14.5mm x und","9000","Colecciones Pelgy"
"ZM0190N","Medalla zamak San Benito 13.7x12.5cm x unidad","30000","Medallas |"
"ZM0156N","Medalla zamak San Benito para tejer 30mm x und","1500","Medallas |"
"ZM0226N","Medalla zamak cuadrada 4 huecos san benito 12mm x 12 unds","3900","Medallas |"
"ZM0220N","Medalla zamak virgen milagrosa 25x15.5mm x 6 und","2250","Medallas |"
"ZM0227N","Medalla zamak rectángulo Virgen de Guadalupe 18x14mm paquete x 6 unidades","2700","Medallas |"
"ZM0228N","Medalla zamak san miguel arcángel 32mm x und","1500","Medallas |"
"ZC4174N","Crucero zamak resina Virgen de Carmen 18x30mm paquete x 3 unid","2400","Dijes"
"ZC4173N","Crucero zamak resina Divino Niño 18x30mm paquete x 3 unid","2400","Dijes"
"ZM0147N","Medalla zamak ovalada virgen guadalupe 25x18mm x6 und","2250","Medallas |"
"ZM0223N","Medallas zamak san benito para tejer 28mm paquete x 6 unids","3600","Medallas |"
"RD054C5","Dije resina corazón fuego 30x20 mm x und","5800","Amor y relaciones"
"AD0316D","Dije acero corazón resina blanca ojo verde menta x unid","6000","Dijes de acero"
"AM0211D","Medalla acero ovalada virgen guadalupe x unid","6000","Medallas |"
"RC4010D","Crucero rodinado san benito circón plateado","6000","Dijes"
"RM0025D","Medalla rodinada escapulario san benito","4500","Medallas |"
"ZC2073D","Cruz zamak cristo relieve x und","1300","Dijes"
"ZD0374D","Dije zamak cola de sirena 17x21mm x 2 unid","3600","Dijes"
"ZD0937D","Dije zamak estrella filigrana 16x20mm x unidad","1500","Dijes"
"ZD0964D","Dije zamak Astronauta 19x11mm x unidad","1600","Dijes"
"ZD1026D","Dije zamak circulo sol luna estrella 20x15.5mm x und","1700","Dijes de zamak"
"ZD1030D","Dije zamak corazón con alas y llamas 30.5x33.5mm x unidad","2300","Dijes"
"ZD0111D","Dije zamak timón mini 9mm paquete x 3 unds","3900","Dijes"
"ZD0494D","Dije zamak avión 22x28mm x unidad","1800","Dijes"
"RD055C4","Dije resina corazon rosado herencia del alma 38x33mm unidad","6000","Amor y relaciones"
"RD056C8","Dije resina corazón verde menta herencia del alma 39x30mm x unidad","6000","Amor y relaciones"
"RD0274D","Dije corazón para mamá","6500","Amor y relaciones"
"RD0317D","Dije rodinado para mamá en forma de corazón","5500","Amor y relaciones"
"RD0316D","Dije mamá rodinado con circón plateado","6500","Dijes"
"RD0882D","Dije rodinado redondo ojo azul","6000","Dijes rodinados"
"RD0939D","Dije rodinado corazón circón plateado","4500","Amor y relaciones"
"RD0886D","Dije rodinado circulo ojo cristal","6000","Dijes rodinados"
"ZD0374N","Dije zamak cola de sirena 17x21mm x 12unds","2700","Colecciones Pelgy"
"ZD0486N","Dije zamak corazon alargado ojo turco 23x11mm x 12unds","2900","Dijes"
"ZD0917N","Dije zamak ancla 15x23mm x 12unds","3200","Colecciones Pelgy"
"ZD1021N","Dije zamak redondo sol medio rostro 23x19mm x 6unid","2100","Dijes"
"ZD1022N","Dije zamak relieve rostro sol y luna 23x20mm x 6unds","2100","Dijes"
"ZD1023N","Dije zamak ojo turco pestañas 9 puntas 17x20mm x 12unds","3000","Dijes"
"ZD1025N","Dije zamak circulo Sol luna y estrellas 20x15.5mm x 12unds","2600","Dijes"
"ZD1027N","Dije zamak corazón llamas borde perforado 28.5x20mm x 6unds","2400","Dijes"
"ZD1030N","Dije zamak corazon con alas y llamas 30.5x33.5mm x 3unds","2700","Dijes"
"ZD1033N","Dije zamak corazón inflado macizo 11.5x15.5mm x 6unds","2250","Amor y relaciones"
"ZD1038N","Dije zamak corazón con corona y destellos 39x34mm x 3unds","3600","Dijes"
"ZD1042N","Dije zamak corazón con ojo turco y rosa 38x29mm x 3unds","3600","Dijes"
"ZD1043N","Dije zamak silueta Flor de loto x 15x17mm x 12unds","1500","Dijes"
"RC2000C7","Cruz resina café corazón fucsia 51x36mm","6200","Dijes"
"RD1052D","Dije cover gold palmera Caribeña dorada 17x8mm","3100","Colecciones Pelgy"
"RD1059D","Dije cover gold caracol abierto dorado 17x16mm","5100","Colecciones Pelgy"
"RD0958D","Dije rodinado ojo 17.5 x 18mm x und","2100","Nuevas colecciones"
"RD0957D","Dije rodinado ojo 17.5x18mm x und","2100","Nuevas colecciones"
"RD0963D","Dije rodinado corazón 15x12mm x und","2000","Amor y relaciones"
"RD0933D","Dije rodinado corazón relicario 27x17mm x und","10500","Dijes"
"RD057-2","Dije Virgen del Rosario en resina 30x22mm con borde dorado","6000","Dijes"
"RD0931D","Dije rodinado corazón relicario 27x17mm x und","10500","Dijes"
"RD0932D","Dije rodinado corazón relicario 27x17mm x und","10500","Dijes"
"RD0930D","Dije rodinado corazón relicario 27x17mm x und","10500","Dijes"
"RD0929D","Dije rodinado corazón relicario 27x17mm x und","10500","Dijes"
"RD0903D","Dije rodinado mano hamsa 13x9mm x und","4000","Dijes"
"RD0965D","Dije rodinado ojo 14x13mm x und","2100","Nuevas colecciones"
"RD0967D","Dije rodinado ojo 14x13mm x und","2100","Nuevas colecciones"
"RD0964D","Dije rodinado ojo 14x13mm x und","2100","Nuevas colecciones"
"RD0974D","Dije rodinado ojo 17x15mm x und","2800","Dijes"
"RD0971D","Dije rodinado ojo 17x15mm x und","2100","Nuevas colecciones"
"RD0845D","Dije rodinado ojo 19.5x32mm x und","2100","Nuevas colecciones"
"RD0844D","Dije rodinado ojo 19.5x32mm x und","2100","Nuevas colecciones"
"RD0843D","Dije rodinado ojo 19.5x32mm x und","2100","Nuevas colecciones"
"RD0924D","Dije rodinado ojo 20x15mm x und","7500","Dijes"
"RD0943D","Dije rodinado margarita 19x16mm x und","2500","Dijes"
"RD0946D","Dije rodinado sol y luna 19x16mm x und","2800","Dijes"
"RC0587D","Centro pulsera rodinado mano hamsa 20x20mm x und","2000","Dijes"
"RC0590D","Centro pulsera rodinado mano hamsa 20x20mm x und","2000","Dijes"
"RC0588D","Centro pulsera rodinado mano hamsa 20x20mm x und","2000","Dijes"
"RC0589D","Centro pulsera rodinado mano hamsa 20x20mm x und","2000","Dijes"
"RC0592D","Centro pulsera rodinado ojo 20x17mm x und","2000","Dijes"
"RD0925D","Dije rodinado ojo 20x15mm x und","7500","Dijes"
"RD1010D","Dije covergold estrella de mar 22x20mm x und","6000","Dijes"
"RD1006D","Dije covergold concha 14x13.5mm x und","6000","Dijes"
"RD1008D","Dije covergold concha 14x13.5mm x und","6000","Dijes"
"RD1005D","Dije covergold concha 14x13.5mm x und","6000","Dijes"
"RD1007D","Dije covergold concha 14x13.5mm x und","6000","Dijes"
"RD1013D","Dije covergold pez 17mm x und","6000","Dijes"
"RD1015D","Dije covergold pez 17mm x und","6000","Dijes"
"RD1014D","Dije covergold pez 17mm x und","6000","Dijes"
"RD1019D","Dije covergold melón 18 x 6.5mm x und","7000","Dijes"
"ZD0961D","Dije corazón rojo con marco de color dorado en zamak 34x26mm","4500","Amor y relaciones"
"RD0569D","Dije covergold estrella x und","5700","Dijes"
"RD0570D","Dije covergold estrella x und","5700","Dijes"
"RD0508D","Dije rodinado estrella circón verde x und","5200","Dijes"
"RD0509D","Dije rodinado estrella circón rosa x und","5200","Dijes"
"RD0510D","Dije rodinado estrella circón azul x und","5200","Dijes"
"RD0511D","Dije rodinado estrella circón negro x und","5200","Dijes"
"RD0513D","Dije rodinado estrella circón lila x und","5200","Dijes"
"RM0039D","Medalla rodinada escudo san benito lila x und","3300","Medallas |"
"RM038D","Medalla rodinada escudo san benito verde x und","3300","Medallas |"
"RD0220D","Dije rodinado virgen guadalupe x und","4700","Nuevas colecciones"
"RD1066D","Dije covergold mariquita 19x16mm x und","6500","Nuevas colecciones"
"RD1069D","Dije rodinado corazón alas 15x16mm x und","5100","Amor y relaciones"
"RD1067D","Dije rodinado escorpión 16x10mm x und","4800","Nuevas colecciones"
"RD1063D","Dije covergold niña 15x10.5mm x und","3100","Nuevas colecciones"
"RD1062D","Dije covergold niño 15x8mm x und","3100","Amor y relaciones"
"ZD1029N","Dije zamak corazón 58x34mm x und","2000","Amor y relaciones"
"ZD1004D","Dije zamak corazon grabado fuego 25x14mm x und","3000","Amor y relaciones"
"ZM0074N","Medalla zamak virgen del carmen 44x29mm x und","2300","Medallas |"
"ZD1006D","Dije zamak corazón azul fuego 32x19mm x und","3100","Amor y relaciones"
"ZD1008D","Dije zamak corazón rosa fuego 32x19mm x und","3100","Amor y relaciones"
"ZM0115N","Medalla zamak san miguel 44x29mm x und","2300","Medallas |"
"ZD1007D","Dije zamak corazon negro fuego 32x19mm x und","3100","Amor y relaciones"
"ZD1015D","Dije zamak corazon blanco puntos 19x19mm x und","3000","Amor y relaciones"
"ZM0097N","Medalla zamak virgen guadalupe 14x26mm x 3und","3000","Medallas |"
"ZD1013D","Dije zamak corazon negro puntos 19x19mm x und","3000","Amor y relaciones"
"ZD1012D","Dije zamak corazon verde aguamarina 19x19mm x und","3000","Amor y relaciones"
"RD1053D","Dije Covergold passport avión mini 10x7.5mm x und","3100","Dijes"
"ZD0996D","Dije zamak corazon rojo puntos 16x14mm x und","2700","Amor y relaciones"
"ZD0997D","Dije zamak corazon relieve puntos 196x14mm x und","2300","Amor y relaciones"
"ZD1037N","Dije zamak ojo 15.5x13.5mm x 12und","2400","Dijes"
"ZD1044N","Dije zamak media luna 20x16mm x 12und","2400","Dijes"
"ZM0225N","Medalla zamak virgen niño jesús 14x11.5mm x 12und","3900","Medallas |"
"ZD0943N","Dije zamak cola de sirena 19x22mm x 12und","3600","Dijes"
"RM0031D","Medalla rodinada san judas tadeo 21x18mm x und","2800","Medallas |"
"RM0033D","Medalla rodinada san judas tadeo 21x18mm x und","2800","Medallas |"
"RM0032D","Medalla rodinada san judas tadeo 21x18mm x und","2800","Medallas |"
"RD1089D","Dije covergold mariquita 19x16mm x und","5800","Dijes"
"RD1091D","Dije covergold concha 12x14.5mm x und","7600","Dijes"
"RD1075D","Dije rodinado corazón 21x20mm x und","8500","Amor y relaciones"
"RD1073D","Dije covergold ángel de mi guarda 37.5x19mm x und","6100","Dijes"
"RD1076D","Dije covergold mariquita 15.5x12mm x und","5600","Dijes"
"RD1101D","Dije rodinado silueta corazones 22x20mm x und","8600","Amor y relaciones"
"RD1083D","Dije covergold palma 19.5x12mm x und","4500","Dijes"
"RD1086D","Dije covergold delfín 19x16mm x und","5100","Dijes"
"RD1095D","Dije covergold arcángel gabriel 37x20.5mm x und","5100","Dijes"
"RD1097D","Dije rodinado virgen 37.5x26mm x und","7100","Dijes"
"RD1074D","Dije rodinado virgen 24.5x17mm x und","6000","Dijes"
"RM0044D","Medalla covergold virgen 25x17mm x und","5000","Medallas |"
"RD1099D","Dije covergold virgen 38x33mm x und","6000","Dijes"
"RM0047D","Medalla covergold san judas tadeo 30.5x21mm x und","5500","Medallas |"
"RD1098D","Dije rodinado circulo de la fortuna 34x32mm x und","10000","Dijes"
"RD1093D","Dije rodinado corazón 11x8mm x und","3500","Dijes"
"RD0847D","Dije rodinado ojo 36x32.5mm x und","3500","Dijes"
"RD059C5","Dije resina cangrejo 34x40mm x und","5500","Colecciones Pelgy"
"RD060C5","Dije resina langosta 49.5x27mm x und","5500","Colecciones Pelgy"
"RS026C15","Separador resina cuadrado 23mm x und","6000","Colecciones Pelgy"
"ZD1072D","Dije zamak arcángel 19x11.5mm x und","2500","Colecciones Pelgy"
"ZD1069D","Dije zamak arcángel 19x11.5mm x und","2500","Colecciones Pelgy"
"ZD1071D","Dije zamak arcángel 19x11.5mm x und","2500","Colecciones Pelgy"
"ZD1068D","Dije zamak arcangel 19x11.5mm x und","2500","Colecciones Pelgy"
"ZD1067D","Dije zamak corazón 19x11.5mm x und","2700","Colecciones Pelgy"
"ZD1055D","Dije zamak trébol 19x11.5mm x und","2700","Colecciones Pelgy"
"ZD1056D","Dije zamak trébol 19x11.5mm x und","2700","Colecciones Pelgy"
"ZD1058D","Dije zamak trébol 19x11.5mm x und","2500","Colecciones Pelgy"
"RD1114D","Dije covergold coral 12x6mm x und","4000","Colecciones Pelgy"
"ZD1075D","Dije zamak espíritu santo 19x 11.5mm x und","2500","Colecciones Pelgy"
"ZD1085D","Dije zamak frase dios 19x11.5mm x und","2500","Colecciones Pelgy"
"RM0049D","Medalla covergold virgen 37x33mm x und","6000","Medallas |"
"RD1122D","Dije covergold corazón 22x14.5mm x und","5000","Dijes cover gold"
"RD1121D","Dije covergold corazón 22x14.5mm x und","5000","Dijes cover gold"
"RD1113D","Dije covergold coral 23x11mm x und","3700","Dijes cover gold"
"RD1120D","Dije covergold corazón 14x12mm x und","5000","Dijes cover gold"
"RD1112D","Dije covergold hongo resina roja 9x8mm x und","6600","Nueva Importación"
"RD1110D","Dije covergold hongo resina roja puntos dorados 16.5x10mm x und","5500","Nueva Importación"
"RD1117D","Dije covergold estrella resina azul 14.5mmx11mm","5200","Dijes"
"RD1109D","Dije covergold hongo plano resina roja 20x17mm x und","6300","Dijes"
"RD1108D","Dije rodinado huella 15x10mm x und","5200","Nueva Importación"
"RD1111D","Dije pandora covergold hongo resina roja 13x9mm x und","6600","Nueva Importación"
"RD1135D","Dije covergold caracol perla 21x10mm x und","5700","Dijes"
"RD1136D","Dije covergold gato 11x9mm x und","6500","Nueva Importación"
"RD1132D","Dije covergold huella 18x14mm x und","4800","Nueva Importación"
"RD1130D","Dije covergold luna 21x10mm x und","5700","Nueva Importación"
"RD1128D","Dije covergold redondo blanco estrella dorada 16x14.5mm x und","4800","Nueva Importación"
"RD1126D","Dije covergold carita feliz 16x13mm x und","7100","Nueva Importación"
"RD1134D","Dije rodinado elefante 14.5x22mm x und","7700","Nueva Importación"
"RD1138D","Dije rodinado trébol 20x17mm x und","9100","Nueva Importación"
"RD1127D","Dije covergold circular azul estrella de mar dorada 16x14.5mm x und","4800","Nueva Importación"
"RD1129D","Dije covergold circular azul caballito dorado 16x14.5mm x und","4800","Nueva Importación"
"ZD0723D","Dije zamak resina rosa estrella cardinal 17x15mm x und","2500","Dijes"
"ZD0789D","Dije zamak redondo estrella cardinal 17x15mm x und","2500","Dijes"
"ZD0791D","Dije zamak redondo estrella cardinal 17x15mm x und","2500","Dijes"
"ZD1019D","Dije corazón grabado resina negra 16x12mm x und","2000","Dijes"
"ZD1005D","Dije zamak corazon fuego resina negra 25x14mm x und","2200","Dijes"
"ZD0241D","Dije zamak amuleto 11:11 resina negra 16mm x und","3000","Dijes"
"ZD0891D","Dije zamak corazon resina negro 12.5x11mm x und","2800","Dijes"
"ZD0969D","Dije zamak ojo turco puntos 26x20mm x und","2800","Dijes"
"ZD0968D","Dije zamak ojo turco puntos resina negra 26x20mm x und","2800","Dijes"
"ZD0967D","Dije zamak ojo turco puntos resina verde 26x20mm x und","2800","Dijes"
"8043-2D","Dije zamak mano de la fortuna resina negra 41x28mm x und","5200","Dijes"
"ZD0466D","Dije zamak circulo corazon dorado destello resina blanca 22x19mm x und","3700","Amor y relaciones"
"ZD0614D","Dije zamak circulo ojo pestaña resina roja 19x23mm x und","3200","Dijes"
"ZD0613D","Dije zamak circulo ojo pestaña resina verde aguamarina 19x23mm x und","3200","Dijes"
"ZD0615D","Dije zamak ojo pestaña resina verde menta 19x23mm x und","3200","Dijes"
"ZD0585D","Dije zamak circulo FÉ resina menta 18x20mm x und","3000","Dijes"
"ZD1051D","Dije zamak circulo ojo pestaña resina negra 19x22.5mm x und","3200","Dijes"
"ZD0972D","Dije zamak corazón resina negra ojo rojo 27x24mm x und","3200","Dijes"
"ZD0971D","Dije zamak corazón blanco ojo blanco azul 27x24.5mm x und","3200","Dijes"
"ZD0780D","Dije zamak circular luna resina fucsia 19x14m x und","2500","Dijes"
"ZD0779D","Dije zamak circulo luna resina roja 19x14mm x und","2500","Dijes"
"ZD0783D","Dije zamak circular luna resina beige 19x14mm x und","2500","Dijes"
"ZD0784D","Dije zamak circular luna resina naranja 19x14mm x und","2500","Dijes"
"ZD1050D","Dije zamak circulo DIOS resina negra 16x20mm x und","3000","Dijes"
"RD1123D","Dije covergold corazón 22x14.5mm x und","5000","Amor y relaciones"
"RD1144D","Dije rodinado girasol 19mm x und","5500","Nueva Importación"
"VD10C1","Dije vidrio cactus 37x29mm x und","4000","Nueva Importación"
"VD10C36","Dije vidrio cactus 37x29mm x und","4000","Nueva Importación"
"VD14C5","Dije vidrio mariquita 27x19mm x und","4000","Nueva Importación"
"VD13C4","Dije vidrio fresa 25x13mm x und","3800","Nueva Importación"
"RD1165D","Dije covergold placa sol 24x12mm x und","5000","Nueva Importación"
"RD1146D","Dije covergold hongo 14x15.5mm x und","6000","Nueva Importación"
"RD1150D","Dije covergold dólar 19x11m x und","6800","Nueva Importación"
"RD1151D","Dije covergold 100 dólares mini 13x6mm x und","5000","Nueva Importación"
"RM0058D","Medalla rodinado san benito circón plateado 22x19mm x und","6500","Medallas |"
"RM0059D","Medalla rodinada ovalada virgen milagrosa circón plateado 24x17mm x und","5600","Medallas |"
"RD1166D","Dije covergold placa luna 27x14mm x und","5000","Nueva Importación"
"RD1164D","Dije corazon covergold candado nácar 22x16mm x und","7700","Amor y relaciones"
"RD1158D","Dije rodinado trébol circón plateado resina verde 12mm x und1","6800","Nueva Importación"
"RD1148D","Dije covergold hongo verde 14x15.5mm x und","6000","Nueva Importación"
"RD1155D","Dije redondo covergold resina morada corazon grabado 13x11mm x und","5000","Amor y relaciones"
"RD1173D","Dije rodinado cangrejo 16x22mm x und","9000","Nueva Importación"
"RD1154D","Dije covergold corazón 16x11mm x und","5000","Amor y relaciones"
"RD1162D","Dije covergold circular resina pelada caracol dorado 13x15.5mm x und","5000","Dijes"
"RD1163D","Dije covergold mariquita resina roja y negra 12x10mm x und","5900","Dijes"
"RD1161D","Dije covergold caballito de mar 16x14.5mm x und","4800","Nueva Importación"
"RD1169D","Dije covergold estrella 14.5x11mm x und","5200","Nueva Importación"
"RD1156D","Dije covergold corazón 13x10mm x und","5000","Amor y relaciones"
"RD1168D","Dije covergold estrella 14.5x11mm x und","5200","Nueva Importación"
"RD1153D","Dije covergold corazón 12x12mm x und","5000","Amor y relaciones"
"RD051C86","Dije resina Corazón alargado Fucsia 25x51mm x und","6000","Amor y relaciones"
"RD064C5","Dije acrílico pez payaso 49x22mm x und","7500","Dije de resina"
"ZD0654D","Dije zamak corazón 20x22mm x und","3700","Amor y relaciones"
"ZD0569D","Dije zamak dios 16x19mm x und","3500","Dijes de zamak"
"ZD0625D","Dije zamak ojo 15x18mm x und","3000","Dijes"
"ZD0624D","Dije zamak ojo 15x18mm x und","3000","Dijes"
"RD047C1","Dije resina mano hamsa blanca transparente bordes dorado 20x29mm x und","3500","Dije de resina"
"VD05C13","Dije vidrio pepino verde 38x12mm x und","1200","Dijes"
"VD03C2","Dije vidrio piña 20x11 x2 und","1600","Dijes"
"VD07C1","Dije vidrio habo chino blanco 30x23mm x2 und","2400","Dijes"
"VD06C1","Dije vidrio ajo blanco 18x18mm x und","1200","Dijes"
"3603MX","Dije azabache lagrima mixta 6x11mm x12 und","3500","Dijes"
"RD067C7","Dije resina gato de tejada x und","5300","Colecciones Pelgy"
"RD0070D","Dije rodinado pandora trio avión, pasaporte, corazón x und","10000","Nueva Importación"
"RD0304D","Dije covergold cangrejo con porta dije 17x15mm x und","3500","Nueva Importación"
"RD0173D","Dije covergold concha estriada perla blanca 17x15mm x und","5000","Nueva Importación"
"RD0307D","Dije covergold redondo blanco centro concha de mar 17x15mm","5500","Nueva Importación"
"ZD1098D","Dije zamak corazón ojo 26x12mm x und","2700","Amor y relaciones"
"ZD1092D","Dije zamak ojo 26x12mm x und","2500","Nueva Importación"
"RD0097D","Dije covergold bota vaquera 24x17mm x und","4500","Nueva Importación"
"RD0150D","Dije rodinado flor trébol circón plateado hojas verdes perla 20x13mm x und","6500","Nueva Importación"
"RD0387D","Dije covergold caracol 16x6mm x und","3500","Nueva Importación"
"RD0012D","Dije covergold chile 19x5mm x und","6000","Nueva Importación"
"RD0310D","Dije rodinado margarita amarilla hojas verdes 17x8mm x und","4500","Nueva Importación"
"RD0306D","Dije covergold concha de mar pintura blanca 16mm x und","4500","Nueva Importación"
"RD0069D","Dije rodinado pandora trébol herradura x und","10000","Nueva Importación"
"ZD1091D","Dije zamak ojo 26x12mm x und","2500","Nueva Importación"
"RD0360D","Dije covergold concha de mar rosada perla 15x12.5mm x und","4500","Nueva Importación"
"RD0414D","Dije covergold concha de mar pintura azul 16mm x und","4500","Nueva Importación"
"RD0303D","Dije covergold concha de mar abierta con perla 5mm x und","8300","Nueva Importación"
"RD0072D","Dije covergold herradura circón plateado 13x10mm","4500","Nueva Importación"
"RD0358D","Dije covergold concha pintado azul 16mm x und","4500","Nueva Importación"
"RD0099D","Dije rodinado pandora avión, cámara, paisaje playa x und","10000","Nueva Importación"
"RD0059D","Dije rodinado pandora trébol herradura mariquita x und","10000","Nueva Importación"
"ZD1097D","Dije zamak tulipán 27x12mm x und","2500","Nueva Importación"
"ZD1090D","Dije zamak ojo 26x12mm x und","2500","Nueva Importación"
"ZD1094D","Dije zamak rosa 27x12mm x und","2500","Nueva Importación"
"RD0083D","Dije rodinado pandera palmera maleta flor x und","10000","Nueva Importación"
"RM0027D","Medalla rodinado virgen 12x12mm x und","6000","Medallas |"
"ZM0236D","Medalla zamak san benito 26.5x23.5mm x und","2300","Medallas |"
"ZM0234D","Medalla zamak san benito 26.5x23.5mm x und","2300","Medallas |"
"RM0020D","Medalla rodinada milagrosa nácar circón plateado 18x16mm x und","8500","Medallas |"
"RM0063D","Medalla covergold sagrado corazon nácar 20x17mm x und","13000","Medallas |"
"RD0897D","Dije rodinado ojo con resina blanco 28x22mm x und","6500","Dijes"
"RD0896D","Dije rodinado ojo turco resina negra 28x22mm x und","6500","Dijes"
"RD1047D","Dije rodinado ojo pestaña 11 puntos 19x21mm x und","2000","Dijes"
"RD0880D","Dije rodinado ojo verde agua marina circón plateado 11x15mm x und","5500","Dijes"
"RD0889D","Dije rodinado mano hamsa cristal azul 24x14mm x und","7500","Dijes"
"RD0877D","Dije rodinado corazon cristal azul circón plateado 21x17.5mm x und","7500","Amor y relaciones"
"RD0876D","Dije rodinado luna cristal azul circón plateado23x15mm x und","7500","Dijes"
"RD0982D","Dije rodinado ángel de la guarda resina verde 19x20mm x und","2500","Dijes"
"RD0887D","Dije rodinado corazón resina beige ojo pestaña cristal rosado 21x19mm x und","10000","Dijes"
"ZD1011D","Dije zamak corazon puntos resina roja 19x19mm x und","3000","Amor y relaciones"
"RM0042BI","Medalla rodinada san benito bicolor 13x10mm x und","5700","Medallas |"
"RM0041BI","Medalla rodinada virgen de guadalupe bicolor 14x9mm x und","5700","Medallas |"
"RM0040BI","Medalla rodinada bicolor virgen milagrosa 14x9mm x und","5700","Medallas |"
"RC2001D","Cristo rodinado circón plateado 23x15mm x und","5500","Dijes"
"RC0624D","Centro pulsera rodinado cruz circón plateado 18x9mm x und","5000","Dijes"
"RD0767D","Dije covergold letra Q 23x22mm x und","6000","Dijes cover gold"
"RD0757D","Dije covergold letra G 23x22mm x und","6500","Dijes cover gold"
"RD0766D","Dije covergold letra P 23x22mm x und","6000","Dijes cover gold"
"RD0770D","Dije covergold letra T 23x22mm x und","6000","Dijes cover gold"
"RD0765D","Dije covergold letra O 23x22mm x und","6000","Dijes cover gold"
"RD0759D","Dije covergold letra I 23x22mm x und","6000","Dijes cover gold"
"RD1190D","Dije rodinado cangrejo cristal rojo 11.5x15mm x und","3000","Nueva Importación"
"RD1185D","Dije rodinado pez esmalte verde 28x11.5mm x und","9000","Nueva Importación"
"RD1191D","Dije rodinado cangrejo cristal negro 11.5x15mm x und","3000","Nueva Importación"
"RD1182D","Dije rodinado pez esmalte rojo 28x11.5mm x und","9000","Nueva Importación"
"RD1174D","Dije rodinado pez esmaltado rojo 35x9mm x und","11000","Nueva Importación"
"RD1175D","Dije rodinado pez esmaltado blanco 35x9mm x und","11000","Nueva Importación"
"RD1176D","Dije rodinado pez esmaltado azul rey 35x9mm x und","11000","Nueva Importación"
"RD1177D","Dije rodinado pez esmaltado azul claro 35x9mm x und","11000","Nueva Importación"
"RD1183D","Dije rodinado pez esmalte verde 28x11.5mm x und","9000","Nueva Importación"
"RD1192D","Dije rodinado cangrejo cristal transparente 11.5x15mm x und","3000","Nueva Importación"
"RD1184D","Dije rodinado pez esmalte azul rey 28x11.5mm x und","9000","Nueva Importación"
"RD1179D","Dije rodinado pez esmaltado blanco 30x8mm x und","9000","Nueva Importación"
"RD1180D","Dije rodinado pez esmaltado azul rey 30x8mm x und","9000","Nueva Importación"
"RD1178D","Dije rodinado pez esmaltado rojo 30x8mm x und","9000","Nueva Importación"
"RD1186D","Dije covergold langosta verde menta 27x15mm x und","6500","Nueva Importación"
"RD1193D","Dije covergold colibrí 18x20mm x und","2500","Nueva Importación"
"ZM0222D","Medalla zamak san benito 22.5mm x und","2000","Cruceros"
"ZD1076D","Dije zamak cangrejo 14x20mm x und","1400","Dijes"
"ZD1079D","Dije zamak pulpo 20mm x und","1700","Dijes"
"ZD0831D","Dije zamak flor 16x18mm x und","1500","Dijes"
"ZD0447D","Dije zamak planeta júpiter 15x22mm x und","1400","Dijes"
"ZD0963D","Dije zamak ala 18x7.5mm x 6und","3600","Dijes"
"RD0875D","Dije rodinado trébol 16x13.5mm x und","9000","Dijes rodinados"
"RD0418D","Dije covergold cangrejo 9x10mm x und","5200","Pelgy al mar"
"RD1105D","Dije covergold ballena 15x19mm x und","4000","Pelgy al mar"
"RM0011D","Medalla rodinado san benito 35x22mm x und","8500","Medallas |"
"RM0021D","Medalla rodinado circulo con cruz 23.5mm x und","6000","Medallas |"
"RM0019D","Medalla rodinado sello san benito 24x21.5mm x und","7500","Medallas |"
"RD0902D","Dije rodinado mano 13x9mm x und","4000","Dijes"
"RD0900D","Dije rodinado mano 13x9mm x und","4000","Dijes"
"ZM0239BI","Medalla zamak san benito 25x21.5mm x und","2300","Medallas |"
"RD1200D","Dije covergold campana navidad 15x19mm x und","7500","Colecciones Pelgy"
"ZM0074D","Medalla zamak virgen del carmen 44x29mm x und","4000","Medallas |"
"ZM0240BI","Medalla zamak bicolor san benito 25x21.5mm x und","2300","Medallas |"
"RD0755D","Dije covergold letra E 23x22mm x und","6000","Dijes"
"RD0752D","Dije covergold letra B 23x22mm x und","6000","Dijes"
"RD0772D","Dije covergold letra Y 23x22mm x und","6000","Dijes"
"RD0768D","Dije covergold letra R 23x22mm x und","6000","Dijes"
"RD0771D","Dije covergold letra V 23x22mm x und","6000","Dijes"
"ZD0336D","Dije zamak corazon 10x9mm x par","2400","Amor y relaciones"
"ZM0198N","Medalla zamak san miguel 30x40mm x und","2300","Medallas |"
"RD0909D","Dije rodinado corazon con alas resina roja circón plateado 42.5x48mm x und","13000","Amor y relaciones"
"RD1119D","Dije covergold redondo pintado blanco corazon dorado 14x12mm x unidad","5000","Amor y relaciones"
"RD1106D","Dije rodinado ovalado virgen de guadalupe con circón 17x12mm x unidad","4200","Dijes"
"ZD0913D","Dije zamak circulo martillado corazon 17x14mm x par","2800","Amor y relaciones"
"ZD1023D","Dije zamak ojo con pestañas 9 puntos 17x20mm x par","3000","Dijes"
"ZM0220D","Medalla zamak virgen milagrosa 25x15.5mm x unidad","2100","Medallas |"
"ZC2053D","Cruz zamak san benito 22x37mm x unidad","2400","Dijes"
"ZD1043D","Dije zamak silueta flor de loto 15x17mm x3 unidades","3300","Dijes"
"ZD0921D","Dije zamak amuleto circulo blanco 11:11 16mm x unidad","3000","Dijes"
"ZM0162D","Medalla zamak virgen de guadalupe para tejer 14mm x par","3000","Medallas |"
"ZD1080D","Dije zamak circulo sol 20x17mm x par","3000","Dijes"
"ZD1081D","Dije zamak sol 19x15mm x par","2600","Dijes"
"ZD1044D","Dije zamak silueta media luna 20x16mm paquete x3 unidades","3900","Nueva Importación"
"ZD1037D","Dije zamak circulo relieve ojo con pestañas 15.5x13.5mm paquete x3 unidades","3600","Dijes"
"ZD1036D","Dije zamak circulo relieve corazon doble cara 10x8mm x6 unidades","3600","Amor y relaciones"
"ZM0281N","Medalla zamak san miguel arcángel 35x30mm x und","1500","Medallas |"
"ZM0279N","Medalla zamak san josé 35x30mm x und","1500","Medallas |"
"ZM0278N","Medalla zamak virgen del carmen 35x30mm x und","1500","Medallas |"
"ZM0201N","Medalla zamak virgen milagrosa 30x40mm x und","1500","Medallas |"
"RD070C48","Dije separador resina corazón 30x24mm x und","5600","Amor y relaciones"
"RD069C48","Dije separador resina + amor 30x24mm x und","5600","Colecciones Pelgy"
"RD068C48","Dije separador corazón + fe 31x27mm x und","5600","Colecciones Pelgy"
"RD0024D","Dije covergold rosa roja 25x11mm x unidad","5100","Dijes"
"RD0028D","Dije covergold concha plana 15x15mm x unidad","4300","Dijes"
"ZD1088D","Dije zamak pez KOI 17.5x11mm x par","2400","Dijes"
"ZD1082D","Dije zamak trebol 14x10mm x3 unidades","3000","Dijes"
"RD00030D","Dije covergold virgen de guadalupe resina blanca 18x11mm x unidad","4300","Dijes"
"RD072C5","Dije resina corazón anatómico 33x25mm x und","7000","Amor y relaciones"
"RD0025D","Dije covergold helado 15x6mm x unidad","5100","Dijes"
"RD1210D","Dije cono mixto en covergold 19x9mm x und","6000","Colecciones Pelgy"
"0761MO","Dije en piedra natural ovalado ágata morada 23x13mm x und","11500","Colecciones Pelgy"
"RD1205D","Dije trébol en rodinado con circón mixto 19x17mm x und","6800","Colecciones Pelgy"
"VD15C13","Dije en vidrio hongo verde 30x16mm x und","3325","Colecciones Pelgy"
"0761AR","Dije en piedra natural ovalado ágata roja 23x13mm x und","13200","Colecciones Pelgy"
"VD15C36","Dije en vidrio hongo naranja con flor 33x19mm x und","3325","Colecciones Pelgy"
"RD1207D","Dije papitas fritas en covergold 14x9mm x und","6800","Colecciones Pelgy"
"RD1208D","Dije porción de pastel en covergold 16x10mm x und","6800","Colecciones Pelgy"
"RD1214D","Dije rodinado niña redondo en nacar 14x12mm x und","6300","Colecciones Pelgy"
"RD1213D","Dije rodinado niño redondo en nacar 14x12mm x und","6300","Amor y relaciones"
"RD1217D","Dije redondo corazón rojo con circón 22x20mm x und","7000","Amor y relaciones"
"RD1215BI","Dije covergold sagrado corazón de jesús 25x20mm x und","9500","Colecciones Pelgy"
"RD1204D","Dije rodinado Ala martillado circón mixto 22x8.5mm x und","6800","Colecciones Pelgy"
"RD1206D","Dije rodinado corazón martillado con circon mixto 17x9mm x und","6800","Amor y relaciones"
"RD1211D","Dije cerveza en covergold 12x8mm x und","6000","Colecciones Pelgy"
"ZM0266N","Medalla zamak ovalada san judas 25x16mm paq x6 unid","3600","Medallas |"
"ZC2083N","Cruz zamak luz de cristo 59x32mm paq x6 unidades","3600","Dijes"
"ZM0273N","Medalla zamak San Peter y San paulo 25x16mm paq x12 unidades","4000","Medallas |"
"ZM0289N","Medalla zamak circular santísimas trinidad y espíritu santo 17x14mm paq x12","3600","Medallas |"
"AM0219D","Medalla acero san benito resinado 27x19mm x und","5000","Medallas |"
"AM0224N","Medalla circular acero san benito resinado 25x21mm","4300","Medallas |"
"AM0226N","Medalla acero circular virgen milagrosa resinada 25x21mm x und","4300","Medallas |"
"AM0225N","Medalla acero San Miguel Arcángel resinado 25x21mm x unid","4300","Medallas |"
"AM0223N","Medalla acero sagrado corazón de Jesús resinado 25x21mm x und","4300","Medallas |"
"AM0227N","Medalla acero virgen de guadalupe resinada 25x21mm x und","4300","Medallas |"
"AM0219N","Medalla acero ovalada San Benito 25x21mm x und","4300","Medallas |"
"AM0218N","Medalla acero ovalada sagrado corazón de Jesús 27x19mm x und","4300","Medallas |"
"AM0220N","Medalla acero ovalada San Miguel Arcángel 27x19mm x unid","4300","Medallas |"
"AM0221N","Medalla acero ovalada virgen milagrosa 27x19mm","4300","Medallas |"
"AM0222N","Medalla acero ovalada Virgen de Guadalupe 27x19mm x und","4300","Medallas |"
"AM0227D","Medalla acero circular Virgen de guadalupe 25x21mm x und","5000","Medallas |"
"AM0226D","Medalla acero circular Virgen Milagrosa 25x21mm x und","5000","Medallas |"
"AM0224D","Medalla acero circular San Benito 25x21mm x und","5000","Medallas |"
"AM0223D","Medalla circular sagrado corazón de Jesús resinado 25x21mm x und","5000","Medallas |"
"AM0222D","Medalla acero ovalada Virgen de Guadalupe 27x19mm x und","5000","Medallas |"
"AM0221D","Medalla acero ovalada Virgen Milagrosa 27x19mm x und","5000","Medallas |"
"ZM0280N","Medalla en zamak niquelada San benito 35x30 mm","1500","Medallas |"
"ZM0284N","Medalla en zamak niquelada Divino niño 35x30 mm","1500","Medallas |"
"ZM0256N","Medalla en zamak niquelada Virgen de fatima 26x14 mm","3000","Medallas |"
"ZM0257N","Medalla en zamak san benito 11x8 mm","6000","Medallas |"
"ZM0268N","Medalla en zamak niquelada San ignacio 26x16.5 mm","4200","Medallas |"
"ZM0004N","Medalla en zamak niquelada San benito 12x17 mm","6000","Medallas |"
"ZM0272N","Medalla en zamak niquelada Virgen de Santa Marta 26x16mm x 12und","4000","Medallas |"
"ZM0267N","Medalla en zamak niquelada Juan Pablo 26x16.5 mm","5400","Medallas |"
"ZM0113N","Medalla en zamak niquelada Virgen Maria Auxiliadora 29x44 mm","2300","Medallas |"
"ZM0261N","Medalla en zamak niquelada Santa Filomena 25x16 mm","4200","Medallas |"
"ZM0263N","Medalla en zamak niquelada San Francisco de Asis 25x16 mm","4200","Medallas |"
"ZD1104N","Dije zamak luna calada estrella 17x10mm paq x12 unid","1200","Dijes"
"ZD1079N","Dije zamak pulpo 20x20mm paquete x12 unidades","3700","Dijes"
"ZD1077N","Dije zamak mantarraya 20x16mm paq x12 unidades","3300","Dijes"
"ZC2025N","Cruz zamak calada 11x23mm paq x12 unidades","1500","Dijes"
"ZD1035N","Dije zamak corazón mini borde punteado 8x6.5mm paq x12","1200","Amor y relaciones"
"ZC2038N","Cruz zamak cristo relieve 19x35mm x 6und","2100","Dijes de zamak"
"ZC2010N","Cruz zamak cristo mini 18.5x9mm x 12und","1200","Dijes de zamak"
"ZD1105N","Dije zamak herradura y trébol 16x15mm paq x12 unidades","2500","Dijes"
"ZD1078N","Dije zamak caballito de mar 29x13mm paq x12 unidades","2700","Dijes"
"7224-1N","Cruz zamak san benito cristo 41x21mm x 12und","3400","Dijes de zamak"
"ZS0127N","Separador cruz relieve 10*13mm x 12und","3300","Dijes de zamak"
"ZC2055N","Cruz zamak trinidad 24.5x34.5 x 6und","2100","Dijes de zamak"
"ZD0447N","Dije zamak planeta júpiter 15x22mm paq x12","2400","Dijes"
"ZD1087N","Dije zamak lazo lucha contra el cancer 14.5x9mm paq x12","1000","Dijes"
"ZD1089N","Dije zamak colibrí 13x18mm paq x12 unidades","3000","Dijes"
"ZD1082N","Dije zamak trébol 14x10mm paq 12 unidades","1000","Dijes"
"ZD1106N","Separador zamak mano hamsa mini 10x12mm","1800","Dijes"
"ZD1080N","Dije zamak circulo sol 20x17mm paq x12","3400","Dijes"
"ZD1088N","Dije zamak pez Koi 17.5x11mm paquete x12","1500","Dijes"
"ZD1076N","Dije zamak cangrejo 14x20mm","2000","Dijes"
"ZD1054N","Dije en zamak nudo de bruja 16x15mm paquete x12 unidades","1800","Dijes"
"ZD1053N","Dije zamak fresa 15x11mm paquete x12 unidades","2700","Dijes"
"RD1229D","Dije covergold rosa 20x10mm x und","5600","Nuevas colecciones"
"RD1224D","Dije covergold captus 18.5x14.5mm x und","4800","Nuevas colecciones"
"RD1228D","Dije covergold avion 19x10mm x und","3500","Nuevas colecciones"
"RD1223D","Dije covergold corazon 17x16mm x und","4800","Amor y relaciones"
"RD1221D","Dije covergold corazon 17x16mm x und","4800","Amor y relaciones"
"RD1225D","Dije covergold rosa 20x19mm x und","4800","Nuevas colecciones"
"RD1230D","Dije covergold rosa 24x10mm x und","5600","Nuevas colecciones"
"RD1226D","Dije covergold tulipan 35x8mm x und","7300","Nuevas colecciones"
"RD1222D","Dije covergold Corazon 17x14mm x und","4800","Amor y relaciones"
"RD1220D","Dije covergold corazon multicolor 17x14mm x und","4800","Amor y relaciones"
"RD1232D","Dije covergold corazon 20x25mm x und","6000","Amor y relaciones"
"RD1240D","Dije covergold estrella de mar resina rojo 31x29mm x und","4000","Pelgy al mar"
"RD060C38","Dije resina langosta 49.5x27mm x und","5500","Dije de resina"
"DA054","Dije acrílico mariposa traslucido boreal rosado 47x59mm x 2und","2600","Acrílicos|"
"RD1243D","Dije covergold estrella de mar resina verde 31x29mm x und","4000","Pelgy al mar"
"DA058","Dije acrílico figuras de mar x 20gramos","2500","Acrílicos|"
"RD1242D","Dije covergold estrella de mar resina rosado 31x29mm x und","4000","Pelgy al mar"
"RD1241D","Dije covergold estrella de mar resina blanca 31x29mm x und","4000","Pelgy al mar"
"RD1238D","Dije covergold estrella de mar resina amarilla 31x29mm x und","4000","Pelgy al mar"
"RD1236D","Dije covergold sol 20x16mm x und","2800","Dijes"
"RD1237D","Dije covergold sol 20x16mm x und","2800","Dijes"
"FD0001C5","Dije filamento corazón 37x32mm x und","5500","Amor y relaciones"
"FD0003C36","Dije filamento chontaduro 36x29mm x und","8000","Colecciones Pelgy"
"FD0005C4","Dije redondo filamento corazon fucsia 38mm x und","8000","Amor y relaciones"
"FD0004C36","Dije filamento media naranja 40x30mm x und","7000","Colecciones Pelgy"
"FD0005C50","Dije redondo filamento corazon rojo 38mm x und","8000","Amor y relaciones"
"RD1247D","Dije covergold corazon resina 32x30mm x und","7100","Amor y relaciones"
"0775CJ","Dije cruz cuarzo jade 29x18mm x und","5100","Dijes"
"RD1248D","Dije covergold corazon resina roja 22x21mm x und","6500","Amor y relaciones"
"RM0066D","Medalla covergold ovalada virgen guadalupe 26x18mm x und","6500","Medallas |"
"RM0065D","Medalla covergold ovalada señor misericordioso 26x18mm x und","6500","Medallas |"
"RM0064D","Medalla covergold ovalada san miguel arcángel 26x18mm x und","6500","Medallas |"
"RD1244D","Dije covergold sagrado corazon 21x12mm x und","5100","Amor y relaciones"
"FD0002C5","Dije filamento ají rojo 52x10mm x und","5500","Colecciones Pelgy"
"ZD1112D","Dije zamak sueña resina rosado 16x19mm x und","3500","Dijes"
"ZD0574D","Dije zamak sueña resina roja 16x19mm x und","35000","Dijes"
"ZD1114D","Dije zamak corazon resina azul celeste 20x22mm x und","3700","Amor y relaciones"
"ZD1115D","Dije zamak corazon resina rosado 20x22mm x und","3700","Amor y relaciones"
"ZD0920D","Dije zamak amuleto 11:11 azul claro 16mm x unidad","3000","Dijes"
"ZD0919D","Dije zamak amuleto 11:11 rosado 16mm x unidad","3000","Dijes"
"ZD1116D","Dije zamak rosa roja 27x12mm x und","2500","Dijes"
"ZD1110D","Dije zamak Dios resina azul 16x19mm x und","3500","Dijes"
"ZD1109D","Dije zamak corazón rosado11x12.5 mm x und","2800","Amor y relaciones"
"ZD1108D","Dije zamak corazón azul celeste 11x12.5 mm x und","2800","Amor y relaciones"
"ZD1014D","Dije zamak corazon puntos resina rosada 19x19mm x und","3000","Amor y relaciones"
"ZD0911D","Dije zamak ojo turco 11 puntos 29mm x und","4000","Dijes"
"RD076C41","Dije resina flor cayena amarilla 47mm x und","14000","Colecciones Pelgy"
"RD077C19","Dije resina palma tropical naranja 68x43mm x und","13000","Colecciones Pelgy"
"RD077C79","Dije resina palma tropical verde 68x43mm x und","13000","Colecciones Pelgy"
"DA060","Dije acrílico mariposa traslucida boreal fucsia 32x41mm x 2und","1400","Dijes"
"DA062","Dije acrílico mariposa traslucida boreal verde 32x41mm x 2und","1400","Dijes"
"DA066","Dije acrílico mariposa traslucida boreal rosado 32x41mm x 2und","1400","Dijes"
"DA061","Dije acrílico mariposa traslucida boreal rojo 32x41mm x 2und","1400","Dijes"
"DA059","Dije acrílico mariposa traslucida boreal lila 32x41mm x 2und","1400","Dijes"
"DA063","Dije acrílico mariposa traslucida boreal azul 32x41mm x 2und","1400","Dijes"
"DA067","Dije acrílico mariposa traslucida boreal transparente 32x41mm x 2und","1400","Dijes"
"DA065","Dije acrílico mariposa traslucida boreal beige 32x41mm x 2und","1400","Dijes"
"DA064","Dije acrílico mariposa traslucida boreal amarillo 32x41mm x 2und","1400","Dijes"
"DA073","Dije acrílico corazon plano caramelo 30x34mm x 2und","3000","Acrílicos|"
"DA069","Dije acrílico corazon plano color fucsia 30x34mm x 2und","3000","Acrílicos|"
"DA068","Dije acrílico corazon plano color rosado 30x34mm x 2und","3000","Acrílicos|"
"DA074","Dije acrílico corazon plano color marfil 30x34mm x 2und","3000","Acrílicos|"
"DA072","Dije acrílico corazon plano color rojo 30x34mm x 2und","3000","Acrílicos|"